"id","site","job_url","job_url_direct","title","company","location","date_posted","job_type","salary_source","interval","min_amount","max_amount","currency","is_remote","job_level","job_function","listing_type","emails","description","company_industry","company_url","company_logo","company_url_direct","company_addresses","company_num_employees","company_revenue","company_description"
"gd-1009647990272","glassdoor","https://www.glassdoor.com/job-listing/j?jl=1009647990272","","Developer - GCP & Data Engineer","CGI","Bengaluru","2025-02-23","","direct_data","yearly",435000.0,780250.0,"INR",False,"","","organic","","Key Responsibilities:  

* Design and develop scalable data engineering solutions using Google Cloud Platform (GCP) and PySpark.
* Optimize Spark jobs for performance, scalability, and efficient resource utilization.
* Develop, maintain, and enhance ETL pipelines using BigQuery, Apache Airflow, and Cloud Composer.
* Collaborate with data scientists, analysts, and DevOps teams to translate business requirements into technical solutions.
* Ensure data integrity and security by implementing data governance, compliance, and security best practices.
* Monitor production workloads, troubleshoot performance issues, and implement enhancements.
* Implement and enforce coding standards, best practices, and performance tuning strategies.
* Support migration activities from on\\-premises data warehouses to GCP\\-based solutions.
* Mentor junior developers and contribute to knowledge\\-sharing within the team.
* Stay up to date with emerging cloud technologies, tools, and best practices in the data engineering ecosystem.


Required Skills \\& Experience:  

* ņ\\+ years of total experience in data engineering.
* ń\\+ years of hands\\-on experience with Google Cloud Platform (GCP), including BigQuery, Apache Airflow, and Cloud Composer.
* Strong expertise in developing and optimizing large\\-scale data processing solutions using Pyspark and Python.
* In\\-depth knowledge of SQL for data transformation and performance optimization.
* Proficiency in big data technologies such as Hadoop, HDFS, Hive, and YARN.
* Experience with distributed computing principles, data partitioning, and fault tolerance.
* Hands\\-on experience with CI/CD pipelines, version control (Git), and automation tools.
* Strong problem\\-solving, analytical, and troubleshooting skills.
* Experience working in Agile/Scrum environments.
* Excellent communication and collaboration skills to work with offshore and onshore teams.
**Your future duties and responsibilities**

**Required qualifications to be successful in this role**

**Ensemble, en tant que propriétaires, mettons notre savoir\\-faire à l’œuvre.**  

  

La vie chez CGI est ancrée dans l’actionnariat, le travail d’équipe, le respect et un sentiment d’appartenance. Chez nous, vous pourrez exploiter votre plein potentiel parce que…
  

  

Nous vous invitons à devenir propriétaire dès le jour 1 alors que nous travaillons ensemble à faire de notre rêve une réalité. C’est pourquoi nous nous désignons comme associés de CGI, plutôt que comme employés. Nous tirons profit des retombées de notre succès collectif et contribuons activement à l’orientation et à la stratégie de notre entreprise.  

  

Votre travail crée de la valeur. Vous élaborerez des solutions novatrices et développerez des relations durables avec vos collègues et clients, tout en ayant accès à des capacités mondiales pour concrétiser vos idées, saisir de nouvelles opportunités, et bénéficier d’une expertise sectorielle et technologique de pointe.
  

  

Vous ferez évoluer votre carrière en vous joignant à une entreprise bâtie pour croître et durer. Vous serez soutenus par des leaders qui ont votre santé et bien\\-être à cœur et qui vous permettront de saisir des occasions afin de parfaire vos compétences et élargir les horizons.  

  

Joignez\\-vous à nous, l’une des plus importantes entreprises de conseil en technologie de l’information (TI) et en management au monde.","","https://www.glassdoor.com/Overview/W-EI_IE8452.htm","https://media.glassdoor.com/sql/8452/cgi-squarelogo-1451998175252.png","","","","",""
"gd-1009647359554","glassdoor","https://www.glassdoor.com/job-listing/j?jl=1009647359554","","Senior Software Engineer Lead - SRE with Devops","Optum","Bengaluru","2025-02-23","","direct_data","yearly",500000.0,850000.0,"INR",False,"","","organic","","Optum is a global organization that delivers care, aided by technology to help millions of people live healthier lives. The work you do with our team will directly improve health outcomes by connecting people with the care, pharmacy benefits, data and resources they need to feel their best. Here, you will find a culture guided by diversity and inclusion, talented peers, comprehensive benefits and career development opportunities. Come make an impact on the communities we serve as you help us advance health equity on a global scale. Join us to start **Caring. Connecting. Growing together.**

  




Optum AI is UnitedHealth Group’s enterprise AI team. We are AI/ML scientists and engineers with deep expertise in AI/ML engineering for health care. We develop AI/ML solutions for the highest impact opportunities across UnitedHealth Group businesses including UnitedHealthcare, Optum Financial, Optum Health, Optum Insight, and Optum Rx. In addition to transforming the health care journey through responsible AI/ML innovation, our charter also includes developing and supporting an enterprise AI/ML development platform.



Optum AI team members:


* Have impact at scale: We have the data and resources to make an impact at scale. When our solutions are deployed, they have the potential to make health care system work better for everyone
* Do ground\\-breaking work: Many of our current projects involve cutting edge ML, NLP and LLM techniques. Generative AI methods for working with structured and unstructured health care data are continuously being developed and improved. We are working in one of the most important frontiers of AI/ML research and development
* Partner with world\\-class experts on innovative solutions: Our team members are developing novel AI/ML solutions to business challenges. In some cases, this includes the opportunity to file patents and publish papers about the methods we develop. We also collaborate with AI/ML researchers at some of the world’s top universities.


Optum AI is chartered to drive value on high impact enterprise AI problems, democratize AI through the enterprise ML platform, accelerate the adoption of Generative Artificial Intelligence (Gen AI) and drive Responsible AI. Projecting to deliver $8\\.4B of benefit value over the next 5 years through these efforts as well as reduce risk through safe, accurate, and unbiased AI, this is a key focus of the enterprise.


**Primary Responsibilities:**


* Continuous support: Provide continuous SRE support to thousands of geographically distributed learners on the UAIS platform: respond to tickets, triage support, liaise with customers
* Automation \\& DevOps: Improve existing Infrastructure as Code (IaC) according to best DevOps practices
* Systems Monitoring: Develop and maintain monitoring frameworks for UAIS infrastructure in relation to AI/ML training program
* Security \\& Compliance: Collaborate with cybersecurity teams to ensure all systems and operations comply with industry standards and are secure against evolving threats
* Capacity Planning \\& Cost Optimization: Forecast and manage capacity requirements for the AI/ML training environment, while identifying opportunities to reduce costs without compromising performance
* Disaster Recovery \\& Business Continuity: Design, test, and implement disaster recovery and business continuity plans to ensure minimal downtime and data integrity
* Comply with the terms and conditions of the employment contract, company policies and procedures, and any and all directives (such as, but not limited to, transfer and/or re\\-assignment to different work locations, change in teams and/or work shifts, policies in regards to flexibility of work benefits and/or work environment, alternative work arrangements, and other decisions that may arise due to the changing business environment). The Company may adopt, vary or rescind these policies and directives in its absolute discretion and without any limitation (implied or otherwise) on its ability to do so

**Required Qualifications:**


* Bachelor’s degree in computer science, information technology, or a related field
* 5\\+ years of infrastructure experience: Proven experience working on large\\-scale, cloud\\-based, enterprise\\-level software platforms and deep understanding of multi\\-cloud architectures, specifically Azure, AWS, and GCP, with hands\\-on experience in cloud management
* 3\\+ years of practical experience in Infrastructure\\-as\\-Code and CI/CD tools like Terraform, Git Actions and alike
* 2\\+ years of practical experience in containerization technologies (Kubernetes, Docker) and orchestration
* 2\\+ years of practical experience in Scripting \\& Automation Skills: Advanced proficiency in scripting languages such as Python and Bash to support automation and system integration efforts

  


*At UnitedHealth Group, our mission is to help people live healthier lives and make the health system work better for everyone. We believe everyone–of every race, gender, sexuality, age, location and income–deserves the opportunity to live their healthiest life. Today, however, there are still far too many barriers to good health which are disproportionately experienced by people of color, historically marginalized groups and those with lower incomes. We are committed to mitigating our impact on the environment and enabling and delivering equitable care that addresses health disparities and improves health outcomes \\- an enterprise priority reflected in our mission.*","","https://www.glassdoor.com/Overview/W-EI_IE2409113.htm","https://media.glassdoor.com/sql/2409113/optum-squareLogo-1711654052254.png","","","","",""
"gd-1009647589791","glassdoor","https://www.glassdoor.com/job-listing/j?jl=1009647589791","","Data Engineer/Senior Data Engineer - BLR","Aarki","Bengaluru","2025-02-23","","direct_data","yearly",485000.0,737500.0,"INR",False,"","","organic","","**About Us**


Aarki is an AI company that builds advertising solutions to drive mobile revenue growth. We use AI to find audiences in a privacy\\-first world by using trillions of contextual bidding signals coupled with proprietary behavioral models. Our audience engagement platform includes a full\\-service agency team and Unified Creative Strategy that delivers ad creative ideation and execution. We have worked with hundreds of advertisers over 14 years and see 5M mobile ad requests per second from over 10B devices driving performance for publishers and brands. It is independently operated and headquartered in San Francisco, CA with offices across the United States, EMEA, and APAC.


**Role Overview:**  

Aarki is seeking a talented **Data Engineer** to join our engineering team. This role is ideal for a skilled developer with a strong background in big data processing, data pipeline development, and distributed systems. As a Data Engineer, you will play a crucial role in designing, building, and maintaining the data infrastructure that powers Aarki's AI\\-driven advertising platform. You will collaborate closely with data scientists, software engineers, and product managers to ensure efficient and scalable data solutions.


**Key Responsibilities:**


* Design, develop, and maintain scalable data pipelines and ETL processes for handling large\\-scale data from multiple sources.
* Optimize data storage, processing, and retrieval for high\\-performance analytics and machine learning applications.
* Work closely with data scientists to prepare, clean, and structure data for machine learning model development and deployment.
* Develop and maintain real\\-time and batch data processing systems using technologies like Spark, Kafka, and Flink.
* Implement monitoring, logging, and alerting solutions to ensure the reliability of data pipelines.
* Ensure data security, governance, and compliance with industry regulations.
* Collaborate with engineering teams to integrate data solutions into Aarki's broader ad\\-tech infrastructure.


**Qualifications \\& Skills:**


* 3\\+ years of experience in data engineering, big data processing, or related roles (6\\+ years for Senior Data Engineer role)
* Strong programming skills in Python, Java, or Scala.
* Experience with distributed data processing frameworks such as Apache Spark, Flink, or Hadoop.
* Strong understanding of SQL and NoSQL databases for data storage and retrieval.
* Experience with real\\-time data streaming technologies like Apache Kafka or Pulsar.
* Knowledge of containerization and orchestration tools like Docker and Kubernetes is a plus.
* Strong problem\\-solving skills and ability to work in a fast\\-paced environment.
* Bachelor's or Master's degree in Computer Science, Engineering, or a related field.


If you're passionate about data engineering and want to work on innovative AI\\-driven advertising solutions, we'd love to hear from you! Apply today.","","https://www.glassdoor.com/Overview/W-EI_IE664193.htm","https://media.glassdoor.com/sql/664193/aarki-squareLogo-1713370543302.png","","","","",""
"gd-1009646617994","glassdoor","https://www.glassdoor.com/job-listing/j?jl=1009646617994","","Senior Data Engineer","Nielsen","Bengaluru","2025-02-22","","direct_data","yearly",640250.0,837500.0,"INR",False,"","","organic","","**ABOUT THIS JOB**
Around here we’re all numbers people, but it’s the 1s and 0s behind our data that make what we
do possible. Software engineers strike a balance between precision and disruption, between
reliability and innovation. Nielsen is a tech company backed by nearly a century of forward
momentum to show the world what’s next—and we couldn’t have done it without our engineers.  

In this role, you will be working alongside data scientists and engineers within Nielsen’s
Marketing Effectiveness business, to build a data platform on AWS to ingest data from external
sources and perform ETL tasks. The role requires you to have experience working with large
datasets with complex schemas, a can\\-do approach towards automation, with an emphasis on
the implementation of best practice cloud security principles.
### **RESPONSIBILITIES**

* Identify, design, and implement process improvements: automating manual processes,
* optimizing for usability, re\\-designing for greater scalability
* Collaborate with product and technology teams to design and validate the capabilities of
* the data platform
* Develop, implement and maintain good programming standards and practices across
* the ecosystem
* Experience building and optimizing data pipelines in a distributed environment
* Experience supporting and working with cross\\-functional teams
* Excellent communication skills and the ability to present complex ideas in a clear and
* concise manner to a variety of audiences

### **QUALIFICATIONS**

* 4\\+ years of experience programming in Python and SQL
* 4\\+ years of experience with using a broad range of AWS technologies \\- e.g. S3,
* Lambda, Glue, Athena, IAM, SQS, CloudWatch, CloudFormation
* 2\\+ years working knowledge of Apache Superset or Tableau, Spark, Hive and Hadoop
* Ability to implement application components without detailed guidance
* Proficiency working in Linux environment
* Experience using tools such as: Git, Gitlab and Jira
* The training to back your work: a master’s degree, bachelor’s degree, or, as we
* recognize there isn’t one formula for success, equivalent work experience

**ABOUT NIELSEN**
We’re in tune with what the world is watching, buying, and everything in between. If you can
think of it, we’re measuring it. We sift through the small stuff and piece together big pictures to
provide a comprehensive understanding of what’s happening now and what’s coming next for
our clients. Today’s data is tomorrow’s marketplace revelation.  

We like to be in the middle of the action. That’s why you can find us at work in over 100
countries. From global industry leaders to small businesses, consumer goods to media
companies, we work with them all. We’re bringing in data 24/7 and the possibilities are endless.
See what’s next with us at Nielsen:careers.nielsen.com","","https://www.glassdoor.com/Overview/W-EI_IE3776.htm","https://media.glassdoor.com/sql/3776/nielsen-squareLogo-1647366936869.png","","","","",""
"gd-1009645778695","glassdoor","https://www.glassdoor.com/job-listing/j?jl=1009645778695","","Solution Delivery Manager, Google Cloud, Generative AI Demos","Google","Bengaluru","2025-02-22","","","","","","",False,"","","organic","","**Note:** By applying to this position you will have an opportunity to share your preferred working location from the following: Bengaluru, Karnataka, India; Hyderabad, Telangana, India; Pune, Maharashtra, India.
  
  

**Minimum qualifications:**  

* Bachelor's degree or equivalent practical experience.
* Experience building and executing scaled global business programs or direct enterprise business.
* Experience in program/product management or delivering technical projects.
* Experience to translating business needs into technical requirements.


**Preferred qualifications:**  

* Experience in implementing and overseeing development and machine learning operations, including CI/CD pipelines, model deployment, and monitoring.
* Experience with AI/ML products and their diverse applications.
* Experience in working with AI specialists, data scientists, and engineering teams to achieve shared project goals.


About the job
  
  

The Google Cloud Platform team helps customers transform and build what's next for their business — all with technology built in the cloud. Our products are developed for security, reliability and scalability, running the full stack from infrastructure to applications to devices and hardware. Our teams are dedicated to helping our customers — developers, small and large businesses, educational institutions and government agencies — see the benefits of our technology come to life. As part of an entrepreneurial team in this rapidly growing business, you will play a key role in understanding the needs of our customers and help shape the future of businesses of all sizes use technology to connect with customers, employees and partners.
  
In this role, you will manage service delivery for demos, prototypes, proofs of concept (POC) for Generative AI (GenAI) focused opportunities for customers in partnership with the Sales, Customer Engineers, Field Solution Architects (FSAs), and GenAI Specialists, coordinating with the vendor team, delivering prototype/ Point of Contacts (POCs) tailored for the needs of the business and managing overall engagement with stakeholders and customers in the regions.
  
Google Cloud accelerates every organization’s ability to digitally transform its business and industry. We deliver enterprise\\-grade solutions that leverage Google’s cutting\\-edge technology, and tools that help developers build more sustainably. Customers in more than 200 countries and territories turn to Google Cloud as their trusted partner to enable growth and solve their most critical business problems.
  
Responsibilities
  
  

* Build and scale GenAI demos and prototypes, supporting pilots, scoping partnerships, translating customer needs into technical requirements, driving outcomes, staying current on GenAI and Cloud trends, troubleshooting technical issues, and translating business objectives into upsell solutions.
* Collaborate with Sales, Engineering, and Product teams, gathering technical requirements, developing technical roadmaps for scalability, evaluating and selecting technologies and potential Software Vendor (ISV) partners, assessing technical risks, and communicating technical updates.
* Design and implement prototyping/POC processes, owning project decisions, securing leadership support, working towards long\\-term objectives, and building compelling GenAI use cases.
* Engage with Sales and Customer Engineers for agreement collaboration and with Regional and subregional GTM leadership for market awareness across the Pitch and ProposalHub menu of services.
* Work closely with a service/solution delivery vendor to build the demos and prototypes.


Google is proud to be an equal opportunity workplace and is an affirmative action employer. We are committed to equal employment opportunity regardless of race, color, ancestry, religion, sex, national origin, sexual orientation, age, citizenship, marital status, disability, gender identity or Veteran status. We also consider qualified applicants regardless of criminal histories, consistent with legal requirements. See alsoGoogle's EEO Policy andEEO is the Law. If you have a disability or special need that requires accommodation, please let us know by completing ourAccommodations for Applicants form.","","https://www.glassdoor.com/Overview/W-EI_IE9079.htm","https://media.glassdoor.com/sql/9079/google-squarelogo-1441130773284.png","","","","",""
"go-K5wHqpg0FVPoVkQhAAAAAA==","google","https://en-in.whatjobs.com/gfj/94658474?utm_campaign=google_jobs_apply&utm_source=google_jobs_apply&utm_medium=organic","","Senior Research Scientist - Network Security","Trellix","Davanagere, Karnataka","2025-02-21","","","","","","",False,"","","","","Job Title:

Senior Research Scientist - Network Security

About Trellix:

Trellix, the trusted CISO ally, is redefining the future of cybersecurity and soulful work. Our comprehensive, GenAI-powered platform helps organizations confronted by today’s most advanced threats gain confidence in the protection and resilience of their operations. Along with an extensive partner ecosystem, we accelerate technology innovation through artificial intelligence, automation, and analytics to empower over 53,000 customers with responsibly architected security solutions.

We also recognize the importance of closing the 4-million-person cybersecurity talent gap. We aim to create a home for anyone seeking a meaningful future in cybersecurity and look for candidates across industries to join us in soulful work. More at

Job Summary

We are looking for a Senior Research Scientist to help us build and expand

Trellix Network Detection and Response. The ideal candidate is someone who is passionate about solving real problems by turning cutting edge research into operational production solutions. In this role, you will focus on analyzing network-based attacker behavior and develop innovative solutions to address emerging challenges in the field of networking.

Responsibilities:
Research attacker methodologies and develop innovative solutions to identify detection solutions Knowledge on how machine learning can be applied in networking problems Perform data analysis to measure efficacy and identify methodologies to improve existing solutions Forward Looking Research – Researcher will help develop leading edge prototypes to solve emerging challenges. Threat Analytics – Leverage threat intelligence from different sources, identify patterns to co-relate and establish the origin and flow of attacks. Drive roadmap for detection efficacy and network research operation

Requirements:

Total 10years to 15years of experience in network security At least three years direct or equivalent experience in areas of network-based threats and other aspects of cyber attacks.. Strong understanding of networking protocols (e.g., TCP/IP) and network architecture. Proficiency in programming languages such as Python, C++, or Java. Solid understanding of Wireshark Knowledge of cybersecurity principles and practices Strong analytical, problem-solving, and communication skills

Company Benefits and Perks:

We work hard to embrace diversity and inclusion and encourage everyone to bring their authentic selves to work every day. We offer a variety of social programs, flexible work hours and family-friendly benefits to all of our employees.
Retirement Plans Medical, Dental and Vision Coverage Paid Time Off Paid Parental Leave Support for Community Involvement

We're serious about our commitment to diversity which is why we prohibit discrimination based on race, color, religion, gender, national origin, age, disability, veteran status, marital status, pregnancy, gender expression or identity, sexual orientation or any other legally protected status.","","","","","","","",""
"go-iEidhfLYNW_f-hzTAAAAAA==","google","https://in.linkedin.com/jobs/view/senior-principal-data-security-engineer-at-autodesk-3984470953?utm_campaign=google_jobs_apply&utm_source=google_jobs_apply&utm_medium=organic","","Senior Principal Data Security Engineer","Autodesk","Chennai, Tamil Nadu","2025-02-15","contract","","","","","",False,"","","","","Job Requisition ID #

24WD79840

Position Overview

This role guides, defines, and implements the overarching technical data protection strategies and partners across multiple functions as a trusted leader to champion and implement leading data security solutions. You will collaborate with other leaders to shape data security strategies across the company and serves a diverse audience that includes developers and end-users. You will play a crucial role in ensuring that Autodesk's systems and services meet the highest data security standards and align with our industry-leading practices and regulatory requirements. We ask that you have expertise in data security, security engineering, and cloud security that will safeguard data across Autodesk. This is hybrid position in Bengaluru, India. You will report to the Senior Director, Information Security Engineering.

Responsibilities
• Design and implement, and operationalize solutions to ensure the data security of infrastructure, applications, and system including the selection and deployment of cybersecurity technologies
• Oversee data security throughout the entire lifecycle of infrastructure and services, from design to runtime
• Create and establish data security standards, best practices, and assurance processes
• Build a comprehensive data catalog and implement data governance strategies
• Collaborate with TPMs and influence users to define and prioritize backlog related to data protection efforts
• Ensure the data security strategy is aligned with business objectives, reviewed for effectiveness
• Lead efforts to mature capabilities for data classification and inventory, strengthen security baselines for data protection and handling, and ensure solutions meet rigorous data security and compliance requirements
• Research new services and emerging technologies that will further enhance the data security capabilities
• Establish security metrics and define KPIs for data protection programs.

Minimum Qualifications
• Bachelor's degree in computer science, information security, or a related field (Master's degree preferred)
• 15+ years of experience in information security with a focus on hands-on security engineering, data protection, enterprise security, cloud security, and solutions architecture
• Data Protection Solutions: Proficiency in designing data protection solutions, such as data security posture management (DSPM), data loss prevention (DLP) systems, encryption technologies, and data masking/anonymization techniques
• Familiarity with industry-standard data protection frameworks and best practices
• Identity and Access Management (IAM): In-depth knowledge of IAM principles, including user provisioning, authentication, authorization, and privilege management. Hands-On Experience with IAM technologies, such as LDAP, Active Directory, or identity federation protocols (e.g., SAML, OAuth)
• Cloud Security: Proficiency in cloud security and experience with cloud service providers (e.g., AWS, Azure, Google Cloud, O365) and SaaS Data Security, knowledge of secure cloud architecture design, cloud data protection mechanisms, and cloud identity and access management (IAM)
• Programming and Scripting Experience ( Python, PowerShell, Shell Scripting, Ruby, Go)
• Requires a mixture of security and solutions engineering to create and developsystems and services to operationalize data protection technologies
• Excel where success hinges on collaborating with multiple partners and aligning teams in making security decisions and implementing solutions

Learn More

About Autodesk

Welcome to Autodesk! Amazing things are created every day with our software – from the greenest buildings and cleanest cars to the smartest factories and biggest hit movies. We help innovators turn their ideas into reality, transforming not only how things are made, but what can be made.

We take great pride in our culture here at Autodesk – our Culture Code is at the core of everything we do. Our values and ways of working help our people thrive and realize their potential, which leads to even better outcomes for our customers.

When you’re an Autodesker, you can be your whole, authentic self and do meaningful work that helps build a better future for all. Ready to shape the world and your future? Join us!

Salary transparency

Salary is one part of Autodesk’s competitive compensation package. Offers are based on the candidate’s experience and geographic location. In addition to base salaries, we also have a significant emphasis on discretionary annual cash bonuses, commissions for sales roles, stock or long-term incentive cash grants, and a comprehensive benefits package.

Diversity & Belonging

We take pride in cultivating a culture of belonging and an equitable workplace where everyone can thrive. Learn more here: https://www.autodesk.com/company/diversity-and-belonging

Are you an existing contractor or consultant with Autodesk?

Please search for open jobs and apply internally (not on this external site).","","","","","","","",""
"go-2ZWaOAQjuqreqY7PAAAAAA==","google","https://www.shine.com/jobs/security-data-scientist/arctic-wolf/16606567?utm_campaign=google_jobs_apply&utm_source=google_jobs_apply&utm_medium=organic","","Security Data Scientist","Arctic Wolf","Karnataka","2025-02-14","","","","","","",False,"","","","","Arctic Wolf, with its unicorn valuation, is the leader in security operations in an exciting and fast-growing industrycybersecurity. We have won countless awards for our excellence in security operations and remain dedicated to providing an industry-leading customer and employee experience.

Our mission is simple: End Cyber Risk. Were looking for a Security Data Scientist to be a part of making this happen.

About The Role

Data is a critical part of Arctic Wolf Networks mission to solve cyber risk, where we process and analyze hundreds of billions of events every day to look for malicious and risky behaviour. Furthermore, were geeks at heart and are passionate about data and solving cybersecurity problems for our customers. The AI & Data Science team works on analyzing Arctic Wolfs product platforms, internal business challenges, and customer pain points to develop new products and features for our customers.

As a Security Data Scientist on the AI & Data Science team you will be responsible for developing data-driven solutions leveraging cutting-edge advanced analytics techniques. This involves working closely with engineering, product, operations, and other teams to understand the most important technical and business analytics needs to drive security-centric analytics outcomes. A successful candidate is self-motivated with a passion for excellence and attention to detail.

As a Security Data Scientist at Arctic Wolf, you will
Analyze and correlate complex data from multiple sources.
Perform exploratory data analysis to gain deeper understanding of the data.
Work with stakeholders, including domain experts and product, to understand use cases and domain-specific problems and identify opportunities for applying machine learning to drive outcomes.
Develop tools and algorithms for generating synthetic data sets.
Define KPIs to measure model performance.
Develop and test statistical and machine learning models for efficacy and operational impact.
Write production quality code and work with other software engineering teams to deploy models into production.
Support deployed models as a subject matter expert.
Be creative and engineer novel features and methods to push beyond our current capabilities.

We Are Looking For Someone Who Has
Proven track record of a minimum 2+ years of hands-on experiencein the research, data science and engineering around building and shipping machine learning or statistical models that scale to high volumes of data (billions of data points).
Proficiency with Python and SQL.
Experience using key ML libraries including scikit-learn, tensorflow, pytorch, sparkml.
Experience with data fusion and data cleansing techniques for creating labelled data sets.
Experience with developing synthetic data sets using generative and statistical modelling techniques.
Understanding of classical ML and DNN modelling techniques for supervised and unsupervised learning and sequence modelling.
Understanding of 3 of either PGMs, RL, GNN, statistical modelling, or time series modelling.
Understanding of ensembles and multi modal machine learning techniques to solve complex problems.
Familiarity of large-scale distributed systems and related technologies such as Spark, Elasticsearch, Kubernetes, etc. is a plus.
Familiarity with cloud platforms (we use AWS here) and automation technologies (e.g., Kubernetes, Jenkins, Chef, etc.) is a plus.
Familiarity with the information/cyber security domain is a plus.

About Arctic Wolf

At Arctic Wolf were cultivating a collaborative and productive work environment that welcomes a diversity of backgrounds, cultures, and ideas to make our teams even stronger as we grow globally. Weve been named one of the 50 Most Innovative Companies in the world for 2022 (Fast Company)and the 2nd Most Innovative Security Company. We have won countless awards for our excellence in security operations and remain dedicated to providing an industry-leading customer and employee experience including:
Top Workday USA (2021-2024)
Great Place to Work (2022-2024) & Best Workplaces for Women (2024) in Canada
Best Workplaces in Tech & For Women in the UK (2023)
Top Company by Kununu in Germany (2024)

Our Values

Arctic Wolf recognizes that success comes from delighting our customers, so we work together to ensure that happens every day. We believe in diversity and inclusion, and truly value the unique qualities and unique perspectives all employees bring to the organization. And we appreciate thatby protecting peoples and organizations sensitive data and seeking to end cyber risk we get to work in an industry that is fundamental to the greater good.

We celebrate unique perspectives by creating a platform for all voices to be heard through our Pack Unity program. We encourage all employees to join or create a new alliance. See more about our Pack Unity here.

Security Requirements
Conducts duties and responsibilities in accordance with AWNs Information Security policies, standards, processes, and controls to protect the confidentiality, integrity and availability of AWN business information (in accordance with our employee handbook and corporate policies).
Background checks are required for this position.,","","","","","","","",""
"go-36HbPc-byxa3XtNXAAAAAA==","google","https://in.indeed.com/viewjob?jk=0ae210a2258aee02&utm_campaign=google_jobs_apply&utm_source=google_jobs_apply&utm_medium=organic","","I&F-Cyber Security-Investigations & Forensics-Data Analytics -Senior Associate – Bangalore","PwC","Karnataka","2025-02-05","","","","","","",False,"","","","","Line of Service
Advisory

Industry/Sector
Not Applicable

Specialism
Fraud, Investigations & Regulatory Enforcement (FIRE)

Management Level
Senior Associate

Job Description & Summary
A career in our Cybersecurity, Privacy and Forensics will provide you the opportunity to solve our clients most critical business and data protection related challenges. You will be part of a growing team driving strategic programs, data analytics, innovation, deals, cyber resilency, response, and technical implementation activities. You will have access to not only the top Cybersecurity, Privacy and Forensics professionals at PwC, but at our clients and industry analysts across the globe.

Our Investigations team focuses on helping our clients to detect and investigate fraudulent activities or irregularities within their organisation. As part of our team, you will perform fraud investigations, forensic accounting engagements, litigation support, crisis response, insurance claims support, and address anti-kickback and anti-bribery matters for a diverse group of both public and private multinational clients, not-for profits and state and local governments. You will work closely with the office of general counsel, chief compliance officers, boards and outside counsel. Our team not only helps clients respond to instances of fraud or irregularity, but also works with them to emerge stronger as an entity.

To really stand out and make us fit for the future in a constantly changing world, each and every one of us at PwC needs to be an authentic and inclusive leader, at all grades/levels and in all lines of service. To help us achieve this we have the PwC Professional; our global leadership development framework. It gives us a single set of expectations across our lines, geographies and career paths, and provides transparency on the skills we need as individuals to be successful and progress in our careers, now and in the future.

As a Senior Associate, you'll work as part of a team of problem solvers, helping to solve complex business issues from strategy to execution. PwC Professional skills and responsibilities for this management level include but are not limited to:
• Use feedback and reflection to develop self awareness, personal strengths and address development areas.
• Delegate to others to provide stretch opportunities and coach to help deliver results.
• Develop new ideas and propose innovative solutions to problems.
• Use a broad range of tools and techniques to extract insights from from current trends in business area.
• Review your work and that of others for quality, accuracy and relevance.
• Share relevant thought leadership.
• Use straightforward communication, in a structured way, when influencing others.
• Able to read situations and modify behavior to build quality, diverse relationships.
• Uphold the firm's code of ethics and business conduct.

Overview:
PwC’s Insights & Forensics (I&F) Data Analytics team in the Acceleration Center (AC) is seeking a highly skilled and motivated Senior Associate to join our dynamic team. The ideal candidate will bring technical expertise, innovative thinking, and strong analytical skills to deliver insights and value to our clients. This role demands a hands-on professional who can seamlessly work with cross-functional teams, process large volumes of data, and create impactful visualizations and analytics solutions.

Key Responsibilities:
• Data Analysis & Visualization:
• Develop and design interactive dashboards, reports, and data visualizations using Power BI and Tableau to provide actionable insights.
• Collaborate with stakeholders to gather business requirements and transform them into meaningful visuals and stories.
• Data Engineering & Analytics Development:
• Utilize Python and PySpark to process, transform, and analyze large datasets efficiently.
• Implement advanced SQL queries and Alteryx for complex data manipulation, reporting, and validation.
• Cloud Analytics Solutions:
• Build, maintain, and optimize analytics workflows using Azure Synapse Analytics and Databricks .
• Leverage cloud-based solutions to design scalable data pipelines and integrate disparate data sources.
• Collaboration & Delivery:
• Partner with US stakeholders and internal teams to understand key business problems and deliver analytics-driven solutions.
• Document technical workflows, processes, and best practices to ensure high-quality deliverables and knowledge sharing.

Required Skills & Qualifications:
• Technical Proficiency:
• Expert-level knowledge and hands-on experience with Power BI for data visualization and reporting.
• Proficient in programming with Python and working with distributed computing frameworks like PySpark .
• Strong command of Advanced SQL and Alteryx for data analysis and manipulation across relational databases.
• Demonstrated expertise in working with Azure Synapse Analytics and Databricks for building cloud-based data solutions.
• Problem-Solving & Analytical Thinking:
• Strong ability to analyze complex business problems and translate them into data-driven solutions.
• Creative mindset with a focus on delivering value through innovative approaches to analytics and visualization.
• Communication & Collaboration:
• Excellent verbal and written communication skills for engaging with stakeholders and explaining technical concepts.
• Ability to work independently and collaboratively within a team, ensuring high standards of delivery.
• Education & Experience:
• Bachelor’s or Master’s degree in Data Science, Data Analytics, Information Systems, or a related field.
• 5-7 years of relevant experience in data analytics, data engineering, or business intelligence roles.
• Experience in professional services or consulting is a plus.

Good to Have Skills:
• Experience in Prompt Engineering and working with Generative AI (GenAI) solutions.
• Knowledge of Data Science concepts and methodologies.
• Familiarity with Machine Learning techniques and frameworks.
• Education & Experience:
• Bachelor’s or Master’s degree in Data Science, Data Analytics, Information Systems, or a related field.
• 5-7 years of relevant experience in data analytics, data engineering, or business intelligence roles.
• Experience in professional services or consulting is a plus.

Education (if blank, degree and/or field of study not specified)
Degrees/Field of Study required:

Degrees/Field of Study preferred:

Certifications (if blank, certifications not specified)

Required Skills

Optional Skills
Accepting Feedback, Accepting Feedback, Active Listening, Analytical Thinking, Communication, Compliance Oversight, Compliance Risk Assessment, Corporate Governance, Creativity, Cybersecurity, Data Analytics, Debt Restructuring, Embracing Change, Emotional Regulation, Empathy, Evidence Gathering, Financial Crime Compliance, Financial Crime Investigation, Financial Crime Prevention, Financial Record Keeping, Financial Transactions, Forensic Accounting, Forensic Investigation, Fraud Detection, Fraud Investigation {+ 12 more}

Desired Languages (If blank, desired languages not specified)

Travel Requirements
Not Specified

Available for Work Visa Sponsorship?
No

Government Clearance Required?
No","","","","","","","",""
"go-AWk_RNH2T0hHGR0eAAAAAA==","google","https://in.indeed.com/viewjob?jk=e2681ad498a13fa2&utm_campaign=google_jobs_apply&utm_source=google_jobs_apply&utm_medium=organic","","CyberSecurity Data Scientist, Account and Device Intelligence","Google","Karnataka","2025-01-28","","","","","","",False,"","","","","Minimum qualifications:
• Bachelor's degree or equivalent practical experience.
• 2 years of experience in data analysis, including identifying trends, generating summary statistics, and drawing insights from quantitative and qualitative data.
• 2 years of experience managing projects and defining project scope, goals, and deliverables.

Preferred qualifications:
• Master's degree or PhD in Computer Science, Engineering, Mathematics, Physics or a related technical field.
• Experience in large-scale data analysis and related tools and processes.
• Experience in automating processes or applied AI.
• Knowledge in account security, network engineering, malware or artificial intelligence.

About the job

In this role, you will be working with a team of analysts that assess and address threats against Google accounts. You will identify and solve complex issues at scale and have investigative and technical skills. You will be proactive, motivated, organized, responsible, innovative and are able to work well in a fluid, global, cross-functional, and team-oriented environment and demonstrate technical know-how, effective communication to get things done. You will also work very closely with engineering teams and product teams to make sure that new products and features provide a good, safe experience for users. You will build, leverage and evaluate ML/AI models to solve cybersecurity and abuse issues.
At Google we work hard to earn our users’ trust every day. Trust Safety is Google’s team of abuse fighting and user trust experts working daily to make the internet a safer place. We partner with teams across Google to deliver bold solutions in abuse areas such as malware, spam and account hijacking. A diverse team of Analysts, Policy Specialists, Engineers, and Program Managers, we work to reduce risk and fight abuse across all of Google’s products, protecting our users, advertisers, and publishers across the globe in over 40 languages.

Responsibilities
• Provide high-quality, detailed and actionable qualitative and quantitative understanding of the threat landscape, designing and improving additional data collection, processes and quality measures.
• Design and build early warning alerts for novel and changing account threats, based on researching, understanding and experimenting with attacker operations and attacker interactions with our systems.
• Provide and apply our threat intelligence to be ready to respond to new adversarial campaigns.
• Lead incident response to incidents efforts for Google, including the special response in case of severe incidents in collaboration with the UP/Account and Device Intelligence (ADI) team.
• Work together with our GOC team (located in Hyderabad) to scale the operational work required to protect Google accounts, such as handling low severity escalations and alerts, and maintaining the ground truth quality. Provide the training and work with UP/ADI.

Google is proud to be an equal opportunity workplace and is an affirmative action employer. We are committed to equal employment opportunity regardless of race, color, ancestry, religion, sex, national origin, sexual orientation, age, citizenship, marital status, disability, gender identity or Veteran status. We also consider qualified applicants regardless of criminal histories, consistent with legal requirements. See alsoGoogle's EEO Policy andEEO is the Law. If you have a disability or special need that requires accommodation, please let us know by completing ourAccommodations for Applicants form.","","","","","","","",""
"go-uP4dTKO0NyWjuk3cAAAAAA==","google","https://in.indeed.com/viewjob?jk=67ac630aad3ecc54&utm_campaign=google_jobs_apply&utm_source=google_jobs_apply&utm_medium=organic","","Lead Product Consultant : Network Automation + Cloud architect + Data Scientist","Juniper Networks","Karnataka","","","","","","","",False,"","","","","Job Description

At Juniper, we believe the network is the single greatest vehicle for knowledge, understanding, and human advancement the world has ever known.

To achieve real outcomes, we know that experience is the most important requirement for networking teams and the people they serve. Delivering an experience-first, AI-Native Network pivots on the creativity and commitment of our people. It requires a consistent and committed practice, something we call the Juniper Way.

Position: Lead Product Consultant : Network Automation + Cloud architect + Data Scientist

Location: Bangalore

Experience: 12+ years

About Team :The services automation team aims to use AI and automation to solve Customer's business problems. All customers have unique challenges. This team understands the customers challenges, identifies ways to optimise solution delivery, proposes solution based on customer technology needs and delivers them with quality in a timely manner. The most interesting aspect of the role is, each customer solution brings unique challenges and hence the role requires continuous technical upskilling based on market trends.

Responsibilities:
• Work in a consultative manner with consultants, product managers, customers, system engineering, support, sales and customer services to scope the work and deliver projects.
• Run requirements and scoping workshops with the stake holders, delivery partners, and sales.
• Involved in solution deployments, network Automation and implementations.
• Evaluate customer solutions for performance, scalability, and security and provide feedback.
• Develop and maintain an in-depth technical knowledge of the Juniper Networks products. Work with the internal Juniper Networks technical teams for placement of products and feature improvements for reliability, availability, and serviceability.
• Develop advanced ML/AI models leveraging both structured and unstructured datasets for batch and online inferencing use cases within the Customer services domain.
• Collaborate with partners including the executive, product, data, and operations teams to transform business priorities into ML/AI problems and develop solutions.
• Work with MLOps specialists to manage the full life cycle of model development from concept to production.
• Collaborate with data and analytics specialists to strive for greater functionality in our data systems.
• Identify trends and patterns from datasets to scope opportunities for automation.
• Work closely with colleagues and customer personnel to help design, test, automate and plan for deployments of new products and features.
• Support Customer in the early stages of solution deployment.
• Provide appropriate training (Knowledge Transfer workshops) to Juniper Networks partners and customers.
• Reviewing customer provided (technical) information
• Providing input related to ‘best practices’ in solution design, implementation, deployment planning, and validation & verification testing
• Taking ownership of, or assisting with creating Assessment, High-Level Design, Low-Level Design. Test Plans and Implementation.

Preferred Qualifications
• Strong architecture skills, design and implementation experience.
• Experience in Microservices, domain-driven design and event-driven architectures.
• Strong JUNOS skills and excellent hands-on planning capabilities.
• Excellent and deep hands-on experience in designing / architecting large scale software solutions.
• Deep hands-on in developing software products/projects in object-oriented Python.
• Sound knowledge of SOLID principles, GoF patterns, cloud-native design patterns and experience in Designing Multi-cloud Environments.
• Architecting and developing secure solutions in public cloud environments such as AWS/Azure.
• Strong experience in container-based Cloud Management Platforms (Kubernetes & OpenShift), Kafka, Prometheus, Redis, ELK stack and NoSQL databases.
• Sound knowledge in Networking concepts. Good understanding of networking virtualization in Private clouds - VMware ESXi or OpenStack.
• Hands on experience in DevOps, GitHub, Code Coverage and Unit Testing. Working experience in GIT & JENKINS / GitLab and strong knowledge of branching strategies.
• Experience working with Large Language Models, Generative AI, and Conversational AI. Familiarity with one or more machine learning or statistical modeling tools such as Numpy, ScikitLearn, MLlib, Tensorflow, and NLP libraries.
• Create and maintain optimal data pipeline architecture, assembling large, sophisticated data sets that meet functional/non-functional business requirements.
• Sound knowledge in Ansible, Yang, XML, JINJA & Yaml
• Should have Network Automation fundamentals. Network Management and Telco Cloud exposure is preferable.
• Good Knowledge in Inventory tool such as NetBox / Netcracker.
• Expertise in coding best practices and secure coding practices is essential.
• Excellent written and verbal communication skills. The candidate will be involved in leading projects and hence good leadership skills are essential.
• Commitment to delivering a remarkable customer experience.

Experience/Background Desired:
• 12+ years’ overall experience, preferably with Networking background.
• 4+ years of experience in end-to-end architecting of advanced ML and AI solutions. Strong hands-on coding skills (preferably in Python) for processing large-scale data sets and developing machine learning models leveraging both structured and unstructured data.
• Hands-on experience on Juniper devices will be a plus.

Juniper is an Equal Opportunity workplace and Affirmative Action employer. We do not discriminate in employment decisions on the basis of race, colour, religion, gender (including pregnancy), national origin, political affiliation, sexual orientation, gender identity or expression, marital status, disability, genetic information, age, veteran status, or any other applicable legally protected characteristic. All employment decisions are made on the basis of individual qualifications, merit, and business need.

ABOUT JUNIPER NETWORKS

Juniper Networks challenges the inherent complexity that comes with networking and security in the multicloud era. We do this with products, solutions and services that transform the way people connect, work and live. We simplify the process of transitioning to a secure and automated multicloud environment to enable secure, AI-driven networks that connect the world. Additional information can be found at Juniper Networks (www.juniper.net) or connect with Juniper on Twitter, LinkedIn and Facebook.

WHERE WILL YOU DO YOUR BEST WORK?

Wherever you are in the world, whether it's downtown Sunnyvale or London, Westford or Bangalore, Juniper is a place that was founded on disruptive thinking - where colleague innovation is not only valued, but expected. We believe that the great task of delivering a new network for the next decade is delivered through the creativity and commitment of our people. The Juniper Way is the commitment to all our colleagues that the culture and company inspire their best work-their life's work. At Juniper we believe this is more than a job - it's an opportunity to help change the world...

INCLUSION AND DIVERSITY AT JUNIPER

At Juniper Networks, we are committed to elevating talent by creating a trust-based environment where we can all thrive together. We know from experience that people from underrepresented groups often do not apply for roles they do not feel they meet all the criteria for. If you think you have what it takes, but do not necessarily check every single box, please consider applying. We’d love to speak with you.

Additional Information for United States jobs:

ELIGIBILITY TO WORK AND E-VERIFY

In compliance with federal law, all persons hired will be required to verify identity and eligibility to work in the United States and to complete the required employment eligibility verification form upon hire.

Juniper Networks participates in the E-Verify program. E-Verify is an Internet-based system operated by the Department of Homeland Security (DHS) in partnership with the Social Security Administration (SSA) that allows participating employers to electronically verify the employment eligibility of new hires and the validity of their Social Security Numbers.
• Information for applicants about E-Verify / E-Verify Información en español: This Company Participates in E-Verify / Este Empleador Participa en E-Verify
• Immigrant and Employee Rights Section (IER) - The Right to Work / El Derecho a Trabajar

E-Verify® is a registered trademark of the U.S. Department of Homeland Security.

Juniper is an Equal Opportunity workplace and Affirmative Action employer. We do not discriminate in employment decisions on the basis of race, color, religion, gender (including pregnancy), national origin, political affiliation, sexual orientation, gender identity or expression, marital status, disability, genetic information, age, veteran status, or any other applicable legally protected characteristic. All employment decisions are made on the basis of individual qualifications, merit, and business need.","","","","","","","",""
"li-4160070812","linkedin","https://www.linkedin.com/jobs/view/4160070812","","Software Development Engineering Testing","Deloitte","Bangalore Urban, Karnataka, India","2025-02-22","fulltime","","","","","","","not applicable","Information Technology and Consulting","","","**Your potential, unleashed** 




  





 India’s impact on the global economy has increased at an exponential rate and Deloitte presents an opportunity to unleash and realise your potential amongst cutting edge leaders, and organisations shaping the future of the region, and indeed, the world beyond.
 



  





 At Deloitte, you bring your whole self to work every day. Combine that with our drive to propel with purpose and you have the perfect playground to collaborate, innovate, grow, and make an impact that matters.
 



  





**The team** 









  





 Innovation, transformation and leadership occur in many ways. At Deloitte, our ability to help solve clients’ most complex issues is distinct. We deliver strategy and implementation, from a business and technology view, to help you lead in the markets where you compete.
 



  





  





**Your work profile** 




  





**SDET(Software Development Engineering Testing)** 




  





 Programming Proficiency: Strong knowledge of programming languages such as Java, Python, or JavaScript for writing automation scripts.
 



  




* Testing Tools Familiarity: Experience with automation tools like Selenium, JUnit, or TestNG is essential for effective test execution.
* Analytical Skills: Ability to analyze complex software systems and identify potential weaknesses or areas for improvement.
* Attention to Detail: A meticulous approach to testing procedures ensures high\\-quality outcomes.
* Communication Skills: Excellent verbal and written communication skills are necessary for collaboration with cross\\-functional teams.
* QA Automation Engineer\\- Strong Java, Selenium, Cucumber BDD, Serenity,
* REST Assured API Automation testing, SQL skills, Salesforce automation experience.



  





**Desired qualifications** 




  




* Minimum 6 plus years of experience
* SDET\\- Strong Java, Selenium, Cucumber BDD, Serenity,
* REST Assured API Automation testing, SQL skills, Strong Knowledge on advance Java concepts(Lambda functions,Java Streams, Table parser concepts)
* Good to have: Agile, JIRA



  





**Location and way of working** 




  




* Base location: Mumbai / Pune / Delhi / Bengaluru / Hyderabad / Chennai / Bhubaneshwar
* This profile involves occasional travelling to client location.
* Hybrid is our default way of working. Each domain has customised the hybrid approach to their unique needs.



  





  





**Your role as an Assistant Manager** 




  





 We expect our people to embrace and live our purpose by challenging themselves to identify issues that are most important for our clients, our people, and for society.
 



  





 In addition to living our purpose, Assistant Manager/Deputy Manager across our organization must strive to be:
 



  




* Inspiring \\- Leading with integrity to build inclusion and motivation
* Committed to creating purpose \\- Creating a sense of vision and purpose
* Agile \\- Achieving high\\-quality results through collaboration and Team unity
* Skilled at building diverse capability \\- Developing diverse capabilities for the future
* Persuasive / Influencing \\- Persuading and influencing stakeholders
* Collaborating \\- Partnering to build new solutions
* Delivering value \\- Showing commercial acumen
* Committed to expanding business \\- Leveraging new business opportunities
* Analytical Acumen \\- Leveraging data to recommend impactful approach and solutions through the power of analysis and visualization
* Effective communication – Must be well abled to have well\\-structured and well\\-articulated conversations to achieve win\\-win possibilities
* Engagement Management / Delivery Excellence \\- Effectively managing engagement(s) to ensure timely and proactive execution as well as course correction for the success of engagement(s)
* Managing change \\- Responding to changing environment with resilience
* Managing Quality \\& Risk \\- Delivering high quality results and mitigating risks with utmost integrity and precision
* Strategic Thinking \\& Problem Solving \\- Applying strategic mindset to solve business issues and complex problems
* Tech Savvy \\- Leveraging ethical technology practices to deliver high impact for clients and for Deloitte
* Empathetic leadership and inclusivity \\- creating a safe and thriving environment where everyone's valued for who they are, use empathy to understand others to adapt our behaviours and attitudes to become more inclusive.



  





  





**How you’ll grow** 




  





***Connect for impact***




  





 Our exceptional team of professionals across the globe are solving some of the world’s most complex business problems, as well as directly supporting our communities, the planet, and each other. Know more in our Global Impact Report and our India Impact Report.
 



  





***Empower to lead***




  





 You can be a leader irrespective of your career level. Our colleagues are characterised by their ability to inspire, support, and provide opportunities for people to deliver their best and grow both as professionals and human beings. Know more about Deloitte and our One Young World partnership.
 



  





***Inclusion for all***




  





 At Deloitte, people are valued and respected for who they are and are trusted to add value to their clients, teams and communities in a way that reflects their own unique capabilities. Know more about everyday steps that you can take to be more inclusive. At Deloitte, we believe in the unique skills, attitude and potential each and every one of us brings to the table to make an impact that matters.
 



  





***Drive your career***




  





 At Deloitte, you are encouraged to take ownership of your career. We recognise there is no one size fits all career path, and global, cross\\-business mobility and up / re\\-skilling are all within the range of possibilities to shape a unique and fulfilling career. Know more about Life at Deloitte.
 



  





  





**Everyone’s welcome… entrust your happiness to us** 














 Our workspaces and initiatives are geared towards your 360\\-degree happiness. This includes specific needs you may have in terms of accessibility, flexibility, safety and security, and caregiving. Here’s a glimpse of things that are in store for you.","Software Development, IT System Testing and Evaluation, and IT Services and IT Consulting","https://www.linkedin.com/company/deloitte","https://media.licdn.com/dms/image/v2/C560BAQGNtpblgQpJoQ/company-logo_100_100/company-logo_100_100/0/1662120928214/deloitte_logo?e=2147483647&v=beta&t=OSF8M5LreT0Sf2F-JcNk6XMT0ArCuPfDmRR-knCC4HY","","","","",""
"li-4162339201","linkedin","https://www.linkedin.com/jobs/view/4162339201","https://terralogic.com/python-developer-bangalore/&urlHash=s6Y_","PYTHON DEVELOPER BANGALORE","Terralogic","Block 5, Karnataka, India","2025-02-22","fulltime","","","","","","","mid-senior level","Engineering and Information Technology","","","**Total Experience**
 3\\+ yrs
   

  

**Job Skills**
**Main Skillset** 
 : Python Development
   

  

**Value Add Skills** 
 : C\\+\\+, Java Script, Golang,Java
   

  

**Notice Period** 
 – Immediate to 45 days.
   

  

**Role**
 Provide recommendations and support for addressing identified open\\-source security vulnerabilities, ensuring timely resolutions.
   

  

* This role involves implementing code changes to address open\\-source security vulnerabilities.
* Conduct thorough reviews on internally developed applications, focusing on security vulnerabilities and coding best practices.
* Review and assess third\\-party and open\\-source libraries for security risks,bproviding guidance on their safe integration into our applications.
* Collaborate with Product, Engineering, and broader Security teams to provide recommendations aimed at reducing security risks.
* Document security vulnerabilities, remediation plans, and progress, ensuring all stakeholders are kept informed.


**Notice Period –** 
 Immediate to 30 days.
   

  

**Apply Now**
**Responsibilities**
 2\\+ years of experience in software development
   

  

* Experience with Build tools (i.e., Make files, Maven/Gradle, Bazel, ANT)
* Experience with package management tools (i.e., Maven, PIP, NPM, etc.)
* Proficient understanding of open\\-source security principles.
* Familiarity with Common Vulnerabilities and Exposures (CVE) and vulnerability management processes.
* Experience with vulnerability assessment tools and methodologies.
* Proficiency in multiple programming languages, such as Golang, Python, Java, C\\+\\+, or JavaScript, is a must
* Ability to distill and explain complex technical and security concepts to varied audiences.
* Experience with GIT (understanding of GitHub PR flow \\& Gerrit Patch set flow is a plus)
* Experience with building / managing CI/CD pipelines using Jenkins, CircleCI, or other CI/CD systems
* Experience collaborating with cross\\-functional security and engineering teams.
* Experience with developing, building, and shipping secure code is a plus.
* Experience with microservices architecture, as well as Docker and Kubernetes.
* Ability to work independently while effectively engaging with global teams.
* Experience in prioritizing and executing tasks with minimal direction or Oversight.


 Wanna know more about us?
   

  

 Terralogic (www.terralogic.com ; https://www.linkedin.com/company/terralogic/)
   

  

**Note**
**Why Join Us?**
 Work on innovative projects with leading\\-edge technologies.
   

  

 Be part of a collaborative team that values continuous learning and development.
   

  

 Opportunity to advance your career in a dynamic and growing company.
   

  

 Wanna know more about us?
   

  

 Terralogic (www.terralogic.com ; https://www.linkedin.com/company/terralogic/)
   

  

 The very basic foundation of Terralogic has been to provide Technology Services for the Connected World. Our core DNA is in tying deep Engineering expertise to our Customers’ roadmap and business needs to bring true partnership! We work from product conceptualization to product maturity, decline \\&sustenance by investing in a broad range of technical skills and domain experts with an eye on stability and increased productivity. We look at problem
   

  

 statements exactly the way our customers look at them and provide far\\-reaching solutions at highly optimized cost levels. With a thousand plus strength, experienced management, and best\\-in\\-class practices, we deliver world\\-class successes for our Customers.","Information Technology & Services","https://www.linkedin.com/company/terralogic","https://media.licdn.com/dms/image/v2/C510BAQGcj52MTKtg5g/company-logo_100_100/company-logo_100_100/0/1630631086781/terralogic_logo?e=2147483647&v=beta&t=XLyq9uxwpIJBIrknUuk-SD3wfcFm3xzv2NIrdgNPwGU","","","","",""
"li-4159069695","linkedin","https://www.linkedin.com/jobs/view/4159069695","","Data Scientist","Synechron","Bengaluru, Karnataka, India","2025-02-21","fulltime","","","","","","","mid-senior level","Information Technology","","","Good day,
 



  





 We have immediate opportunity for
 **Data Scientist** 
 role
 
 – 7 to 10 years.
 



  





**Job Role Data Scientist** 




**Job Location: Bangalore** 




**Experience\\-** 
 7\\+
 



**Notice Period: Immediate** 




  





  





**About Company:** 




 At Synechron, we believe in the power of digital to transform businesses for the better. Our global consulting firm combines creativity and innovative technology to deliver industry\\-leading digital solutions. Synechron’s progressive technologies and optimization strategies span end\\-to\\-end Artificial Intelligence, Consulting, Digital, Cloud \\& DevOps, Data, and Software Engineering, servicing an array of noteworthy financial services and technology firms. Through research and development initiatives in our FinLabs we develop solutions for modernization, from Artificial Intelligence and Blockchain to Data Science models, Digital Underwriting, mobile\\-first applications and more. Over the last 20\\+ years, our company has been honoured with multiple employer awards, recognizing our commitment to our talented teams. With top clients to boast about, Synechron has a global workforce of 14,700\\+, and has 52 offices in 20 countries within key global markets. For more information on the company, please visit our website or LinkedIn community.
 



  





**Diversity, Equity, and Inclusion** 




  





 Diversity \\& Inclusion are fundamental to our culture, and Synechron is proud to be an equal opportunity workplace and an affirmative\\-action employer. Our Diversity, Equity, and Inclusion (DEI) initiative ‘Same Difference’ is committed to fostering an inclusive culture – promoting equality, diversity and an environment that is respectful to all. We strongly believe that a diverse workforce helps build stronger, successful businesses as a global company. We encourage applicants from across diverse backgrounds, race, ethnicities, religion, age, marital status, gender, sexual orientations, or disabilities to apply. We empower our global workforce by offering flexible workplace arrangements, mentoring, internal mobility, learning and development programs, and more.
 



 All employment decisions at Synechron are based on business needs, job requirements and individual qualifications, without regard to the applicant’s gender, gender identity, sexual orientation, race, ethnicity, disabled or veteran status, or any other characteristic protected by law.
 



  





**Job Description** 
 :
 **Data Scientist** 




  





 As a
 **Data Scientist** 
 you will be at the forefront of designing and developing applications with a focus on cloud\\-native solutions.
 



  





**Key Responsibilities:** 



* Design, develop, and implement Knowledge Graph solutions that meet business requirements.
* Utilize graph databases such as AWS Neptune, Neo4j, and Nebula to create and manage Knowledge Graphs.
* Work with graph formats including RDF and Property Graph, and perform graph queries using SPARQL and openCypher.
* Collaborate with cross\\-functional teams to integrate Knowledge Graphs into existing systems and applications.
* Leverage experience with Large Language Models (LLMs) and frameworks to enhance Knowledge Graph capabilities.
* Ensure data quality, integrity, and security within the Knowledge Graph.
* Stay updated with the latest advancements in AI and Knowledge Graph technologies.



**Must Have:** 



* Proven experience in building Knowledge Graph solutions using graph databases (e.g., AWS Neptune, Neo4j, Nebula).
* Familiarity with graph formats, including RDF and Property Graph, and proficiency in graph querying with SPARQL and openCypher.
* Prior experience working with Large Language Models (LLMs) and related frameworks.
* Strong knowledge of cloud computing, with a preference for AWS.
* Proficient in programming languages such as Python, Java, and TypeScript.
* Excellent problem\\-solving skills and attention to detail.
* Strong communication and collaboration skills to work effectively within a team.



  





  





 With below details (Mandatory)
 



 Total Experience
 



 Experience in Skills\\- Gen AI, AWS
 



 Experience in Skills\\- Python/Java
 



 Current CTC\\-
 



 Expected CTC\\-
 



 Notice period\\-
 



 Current Location\\-(Bangalore/Pune)
 



  





 If you had gone through any interviews in Synechron before? If Yes when
 



  





 Regards,
 



 TAG","Financial Services","https://www.linkedin.com/company/synechron","https://media.licdn.com/dms/image/v2/C4D0BAQF-kdmTYpOKFg/company-logo_100_100/company-logo_100_100/0/1663673608492/synechron_logo?e=2147483647&v=beta&t=PADKlIbUyh1lHoIIbBvjT5Acs9QF3fcqvBoeJ-t9AQc","","","","",""
"li-4035187281","linkedin","https://www.linkedin.com/jobs/view/4035187281","https://pwc.wd3.myworkdayjobs.com/Global_Experienced_Careers/job/Bengaluru-Millenia/Associate_525454WD-2/?source=LinkedIn&urlHash=T8fY","Associate","PwC India","Bengaluru, Karnataka, India","2025-02-21","fulltime","","","","","","","mid-senior level","Other","","","**Line of Service**
 Advisory
   

  

**Industry/Sector**
 Not Applicable
   

  

**Specialism**
 Data, Analytics \\& AI
   

  

**Management Level**
 Associate
   

  

**Job Description \\& Summary**
 A career within Data and Analytics services will provide you with the opportunity to help organisations uncover enterprise insights and drive business results using smarter data analytics. We focus on a collection of organisational technology capabilities, including business intelligence, data management, and data assurance that help our clients drive innovation, growth, and change within their organisations in order to keep up with the changing nature of customers and technology. We make impactful decisions by mixing mind and machine to leverage data, understand and navigate risk, and help our clients gain a competitive edge.
   

  

 Creating business intelligence from data requires an understanding of the business, the data, and the technology used to store and analyse that data. Using our Rapid Business Intelligence Solutions, data visualisation and integrated reporting dashboards, we can deliver agile, highly interactive reporting and analytics that help our clients to more effectively run their business and understand what business questions can be answered and how to unlock the answers.
   

  

 Broad Role / Responsibilities We are seeking a highly skilled and motivated Data Engineer Developer with 3 to 5 years of experience
   

  

 to join our dynamic team. The ideal candidate must have strong hands\\-on expertise in technologies such as Spark, Scala, Hadoop,
   

  

 SQL, and demonstrated exposure to Azure cloud services. The Data Engineer Developer will play a crucial role in designing,
   

  

 implementing, and maintaining robust data pipelines, ensuring the efficient flow and processing of large datasets.
   

  

* Data Pipeline Development: Design, develop, and maintain scalable and efficient data pipelines using Spark and Scala. Implement ETL processes for ingesting, transforming, and loading data from various sources.
* Big Data Technologies: Work with Hadoop ecosystem components such as HDFS, Hive, and HBase for efficient storage and retrieval of large\\-scale datasets. Optimize and tune Spark jobs to ensure optimal performance and resource utilization.
* SQL Expertise: Utilize strong SQL skills to query, analyse, and manipulate data stored in relational databases and data warehouses.
* Security \\- Implement security and data protection measures, at all levels – DB, API services. Apply Data masking and row\\-level and column\\-level security. Keep abreast of latest security issues and incorporate necessary patches and updates.
* Testing and Debugging \\- Write and maintain test code to validate functionality. Debug applications and troubleshoot issues as they arise.
* Collaboration and Communication \\- Collaborate with cross\\-functional teams including Database engineers, data integration engineers, reporting teams and product development. Communicate complex data findings in a clear and actionable manner to non\\-technical stakeholders.
* Continual Learning\\- Keep up to date with emerging tools, techniques, and technologies in data technologies. Engage in self\\-improvement and continuous learning opportunities to maintain expertise in the data science domain.
* End to end understanding of project and infrastructure involving multiple technologies (Big Data Analytics)
* Proactively identify problem areas \\& concerns related to data in the project; exploration of ways to tackle the issues and come\\-up with optimal solutions.
* Creation of FRS/SRS/Design documents and other technical documents.
* Prepare “lessons learned” documentation for projects / engagements. Develop best practices and tools for project execution and


 management. Nice to Have:
   

  

* Exposure to Azure Cloud.
* Experience of working in Travel and logistics domain is preferred.
* Familiarity with data streaming technologies (e.g., Apache Kafka).
* Exposure to containerization and orchestration tools (e.g., Docker, Kubernetes).
* Knowledge of machine learning concepts and frameworks.


 Mandatory skill sets\\-
 **Scala, Spark**
**Year Of Experience Required\\- 3\\-5**
 Qualifications\\-
 **B.E /B.Tech / MBA/MCA**
**Education** 
*(if blank, degree and/or field of study not specified)*
**Degrees/Field Of Study Required**
 Degrees/Field of Study preferred:
   

  

**Certifications** 
*(if blank, certifications not specified)*
**Required Skills**
 Apache Spark, Scala (Programming Language)
   

  

**Optional Skills**
**Desired Languages** 
*(If blank, desired languages not specified)*
**Travel Requirements**
**Available for Work Visa Sponsorship?**
**Government Clearance Required?**
**Job Posting End Date**","Business Consulting and Services","https://in.linkedin.com/company/pwc-india","https://media.licdn.com/dms/image/v2/D560BAQFYf1IhPukA5Q/company-logo_100_100/company-logo_100_100/0/1719912934875/pwc_india_logo?e=2147483647&v=beta&t=C7FShWuDFc2twP4u8aW9jUbkShzPr_ceL6Mf_G5Dx7I","","","","",""
"li-4119785274","linkedin","https://www.linkedin.com/jobs/view/4119785274","https://jobs.exxonmobil.com/ExxonMobil/job/Bengaluru-Physical-Data-Scientist-KA/1248728800/?feedId=223600&utm_source=LinkedInJobPostings&utm_campaign=EOM_Linkedin&urlHash=aiMK","Physical Data Scientist","ExxonMobil","Bengaluru, Karnataka, India","2025-02-21","fulltime","","","","","","","mid-senior level","Engineering","","","**About Us**
 At ExxonMobil, our vision is to lead in energy innovations that advance modern living and a net\\-zero future. As one of the world’s largest publicly traded energy and chemical companies, we are powered by a unique and diverse workforce fueled by the pride in what we do and what we stand for.
   

  

 The success of our Upstream, Product Solutions and Low Carbon Solutions businesses is the result of the talent, curiosity and drive of our people. They bring solutions every day to optimize our strategy in energy, chemicals, lubricants and lower\\-emissions technologies.
   

  

 We invite you to bring your ideas to ExxonMobil to help create sustainable solutions that improve quality of life and meet society’s evolving needs. Learn more about
 **our What and our Why** 
 and how we can work
 **together** 
 .
   

  

**What Role You Will Play In Our Team**
 Develop, deploy, sustain and support software technologies for oilfield production optimization using data\\-driven or physics\\-based methods.
   

  

**What You Will Do**
* Develop high quality software code (C\\#, Matlab, Python) using best practices for software development \\& agile methodologies.
* Refactor legacy code \\& leverage testing frameworks to ensure sustainability and maintainability of the product
* Collaborate with engineers and operators on global teams to understand business needs for technology development.
* Collaborate with cross disciplinary team of SMEs and computational scientists to identify opportunities \\& build solutions for upstream oil and gas business.


**About You**
**Skills and Qualifications**
* Master’s degree from a recognized university in Petroleum / Chemical / Mechanical / Civil / Aerospace or any other engineering disciplines with minimum GPA 7\\.0
* Minimum 3 years of experience in Oil \\& Gas Industry
* Experience with mathematical modeling, scientific computing and numerical methods
* Experience with programming/scripting languages like C\\+\\+/C\\# or Matlab/Python


**Preferred Qualifications / Experience**
* Experience with Agile development practices is a plus
* Experience with Azure Cloud and Databricks is a plus
* Experience with oil \\& gas industry


**Your Benefits**
 An ExxonMobil career is one designed to last. Our commitment to you runs deep our employees grow personally and professionally, with benefits built on our core categories of health, security, finance and life. We offer you:
   

  

* Competitive compensation
* Medical plans, maternity leave and benefits, life, accidental death and dismemberment benefits
* Retirement benefits
* Global networking \\& cross\\-functional opportunities
* Annual vacations \\& holidays
* Day care assistance program
* Training and development program
* Tuition assistance program
* Workplace flexibility policy
* Relocation program
* Transportation facility


 Please note benefits may change from time to time without notice, subject to applicable laws. The benefits programs are based on the Company’s eligibility guidelines.
   

  

**Stay connected with us**
* Learn more about ExxonMobil in India, visit ExxonMobil India and Energy Factor India.
* Follow us on LinkedIn and ExxonMobil (@exxonmobil)
 * Instagram photos and videos
* Like us on Facebook
* Subscribe our channel at YouTube
**EEO Statement**
 ExxonMobil is an Equal Opportunity Employer. All qualified applicants will receive consideration for employment without regard to race, color, religion, sex, age, national origin or disability status.
   

  

**Business solicitation and recruiting scams**
 ExxonMobil does not use recruiting or placement agencies that charge candidates an advance fee of any kind (e.g., placement fees, immigration processing fees, etc.). Follow the LINK to understand more about recruitment scams in the name of ExxonMobil.
   

  

 Nothing herein is intended to override the corporate separateness of local entities. Working relationships discussed herein do not necessarily represent a reporting connection, but may reflect a functional guidance, stewardship, or service relationship.
   

  

 Exxon Mobil Corporation has numerous affiliates, many with names that include ExxonMobil, Exxon, Esso and Mobil. For convenience and simplicity, those terms and terms like corporation, company, our, we and its are sometimes used as abbreviated references to specific affiliates or affiliate groups. Abbreviated references describing global or regional operational organizations and global or regional business lines are also sometimes used for convenience and simplicity. Similarly, ExxonMobil has business relationships with thousands of customers, suppliers, governments, and others. For convenience and simplicity, words like venture, joint venture, partnership, co\\-venturer, and partner are used to indicate business relationships involving common activities and interests, and those words may not indicate precise legal relationships.","Oil and Gas","https://www.linkedin.com/company/exxonmobil","https://media.licdn.com/dms/image/v2/C4D0BAQE_IRWZ2qVHpw/company-logo_100_100/company-logo_100_100/0/1631303598129?e=2147483647&v=beta&t=20NshSkLIzCoKGk7fkNxWckGM7OnZQ5_ddDzZ5Pcwqk","","","","",""
